<?xml version="1.0" encoding="UTF-8"?>
<beans xmlns="http://www.springframework.org/schema/beans"
	xmlns:xsi="http://www.w3.org/2001/XMLSchema-instance"
	xmlns:context="http://www.springframework.org/schema/context"
	xmlns:mybatis-spring="http://mybatis.org/schema/mybatis-spring"
	xsi:schemaLocation="http://mybatis.org/schema/mybatis-spring http://mybatis.org/schema/mybatis-spring-1.2.xsd
		http://www.springframework.org/schema/beans https://www.springframework.org/schema/beans/spring-beans.xsd
		http://www.springframework.org/schema/context http://www.springframework.org/schema/context/spring-context-4.3.xsd">
	
	<!-- Root Context: defines shared resources visible to all other web components -->

		<context:component-scan  
		   base-package="org.fintech.controller">
		</context:component-scan>
	
	<bean id="hikariConfig"
	      class="com.zaxxer.hikari.HikariConfig">

		<property name="driverClassName"
		          value="net.sf.log4jdbc.sql.jdbcapi.DriverSpy"/>
		<property name="jdbcUrl"
				  value="jdbc:log4jdbc:oracle:thin:@localhost:1521:fintech"/>		          		          
		<property name="username"
		          value="fintech"/>
		<property name="password"
		          value="1234"/>
	</bean>
	
	<bean id="dataSource"
	      class="com.zaxxer.hikari.HikariDataSource"
	      destroy-method="close">
	   <constructor-arg ref="hikariConfig"/>   
	</bean>
		
	<bean id="sqlSessionFactory"
	      class="org.mybatis.spring.SqlSessionFactoryBean">
		<property name="dataSource" ref="dataSource"/>	      
	</bean>
	
	<!-- MyBatis Mapper 관련 -->
	<!-- <mybatis-spring:scan>
	    특정패키지에서 MyBatis 관련 
	    어노테이션을 Search
	 -->
	<mybatis-spring:scan 
	    base-package="org.fintech.mapper"/>
	   
	<!--  Service 관련 패키지 -->    
	<context:component-scan base-package="org.fintech.service">
	</context:component-scan>
	    
</beans>