<?xml version="1.0" encoding="UTF-8"?>
<beans xmlns="http://www.springframework.org/schema/beans"
	xmlns:xsi="http://www.w3.org/2001/XMLSchema-instance"
	xmlns:context="http://www.springframework.org/schema/context"
	xsi:schemaLocation="http://www.springframework.org/schema/beans https://www.springframework.org/schema/beans/spring-beans.xsd
		http://www.springframework.org/schema/context http://www.springframework.org/schema/context/spring-context-4.3.xsd">
	
	<!-- Root Context: defines shared resources visible to all other web components -->
	
	<!-- HiKariCP 설정 -->
	<bean id="hikariConfig" class="com.zaxxer.hikari.HikariConfig">
		<property name="driverClassName"
		          value="oracle.jdbc.driver.OracleDriver"/>
		<property name="jdbcUrl"
			 	  value="jdbc:oracle:thin:@localhost:1521:orcl"/>
		<property name="username" value="fadmin"/>
		<property name="password" value="fadmin1234"/>	 	            
	</bean>
	
	<bean id="dataSource" 
	      class="com.zaxxer.hikari.HikariDataSource" 
	      destroy-method="close">
	    <!-- 생성자의 매개변수 지정 -->  
		<constructor-arg ref="hikariConfig"/>	
		
	</bean>
	
	<context:component-scan base-package="org.fintech.day01">
	</context:component-scan>
		
</beans>
