<?xml version="1.0" encoding="UTF-8"?>
<!DOCTYPE mapper
    PUBLIC "-//mybatis.org//DTD Mapper 3.0//EN"
    "http://mybatis.org/dtd/mybatis-3-mapper.dtd">

<mapper namespace="org.fintech.mapper.ReplyMapper">

	<insert id="insert">
		insert into tbl_reply(rno,bno,reply,replyer)
		     values (seq_reply.nextval,#{bno},#{reply},#{replyer})
	</insert>
	
	<!-- 특정 댓글 상세보기 -->
	<select id="read" resultType="org.fintech.domain.ReplyVO">
		select * from tbl_reply where rno = #{rno}	
	</select>
	
	<!-- 특정 댓글 수정하기 -->
	<update id="update">
	
		update tbl_reply
		   set reply = #{reply},
		       updatedate = sysdate
		 where rno = #{rno}           
	
	</update>
	
	<!-- 특정 댓글 삭제 -->
	<delete id="delete">
		delete from tbl_reply where rno = #{rno}	
	</delete>
	
	<!-- 댓글 페이징 처리 -->
	<select id="getListWithPaging" 
			resultType="org.fintech.domain.ReplyVO">
			
		select *
		  from tbl_reply
		 where bno = #{bno} 	
	     order by rno desc
	     
	</select>
	
</mapper>









    