<?xml version="1.0" encoding="UTF-8"?>
<!DOCTYPE mapper PUBLIC "-//mybatis.org/DTD Mapper 3.0//EN"
		"http://mybatis.org/dtd/mybatis-3-mapper.dtd">
		
<mapper namespace="com.jeffworld.memo.mapper.PersonalMemoMapper">
	
	<!-- 개인 메모 rsultMap -->
	<resultMap type="com.jeffworld.memo.dto.PersonalBoard" id="boardMap">
		<result property="pboardid" column="pboardid" />
		<result property="title" column="title" />
		<result property="owner" column="owner" />
		<collection property="memberList" resultMap="boardMemberMap">
		</collection>
	</resultMap>



	<resultMap type="com.jeffworld.memo.dto.BoardMember" id="boardMemberMap">
		<result property="boardMember" column="boardMember" />
	</resultMap>
	
	<!-- 내가 오너인 보드 정보 -->
	<select id="findPersonalBoardByEmail" resultMap="boardMap">
		SELECT b.pboardid,
			   title,
			   owner,
			   m.boardMember
		  FROM personalBoard b LEFT OUTER JOIN boardMember m ON b.pboardid = m.pboardid
		  WHERE b.owner = #{email};
	</select>
	
	<select id="findTeamBoardByEmail" resultMap="boardMap">
		SELECT b.pboardid,
			   title,
			   owner,
			   m.boardMember
		  FROM personalBoard b RIGHT OUTER JOIN 
		  (select * from boardMember where pboardid in (select pboardid from boardMember where boardMember = #{email})) m 
		  ON b.pboardid = m.pboardid;
	</select>
	
	<insert id="addPersonalBoard">
		INSERT into personalBoard(title, owner) values(#{title}, #{owner})
		<!-- LAST_INSERT_ID가 추가된 object를 반환 -->
		<selectKey resultType="int" keyProperty="pboardid" order="AFTER">
        	SELECT LAST_INSERT_ID()
    	</selectKey>   
	</insert>
	
	<update id="updatePersonalBoard">
		update personalBoard set title = #{title} where pboardid = #{pboardid}
	</update>
	
	<delete id="deletePersonalBoard">
		delete from personalBoard where pboardid = #{pboardid}
	</delete>
	
	<select id="getPersonalMemosLength" resultType="int">
		SELECT count(id) from personalMemo where boardId = #{pboardid}
	</select>
	
	<select id="getPersonalMemos" parameterType="int" resultType="com.jeffworld.memo.dto.PersonalMemo">
		select * from personalMemo where boardId = #{pboardid} order by id desc limit #{currentPage}, #{perPage};
	</select>
	
	<select id="getPersonalMemosLengthWithTitle" parameterType="map" resultType="int">
		SELECT count(id) from personalMemo where boardId = #{pboardid} and title Like '%' #{title} '%'
	</select>
	
	<select id="getPersonalMemosWithTitle"  resultType="com.jeffworld.memo.dto.PersonalMemo">
		select * from personalMemo where boardId = #{pboardid} and title Like '%' #{title} '%' order by id desc limit #{currentPage}, #{perPage};
	</select>
	
	
	<insert id="addPersonalMemo">
		INSERT into personalMemo(title, contents, creator, boardId) values(#{title}, #{contents}, #{creator}, #{boardId})
		<!-- LAST_INSERT_ID가 추가된 object를 반환 --> 
	</insert>
	
	<update id="updatePersonalMemo">
		update personalMemo set title = #{title}, contents = #{contents} where id = #{id}
	</update>
	
	<delete id="deletePersonalMemo">
		delete from personalMemo where id = #{memoId}
	</delete>
	
	<select id="getPersonalMemo" resultType="com.jeffworld.memo.dto.PersonalMemo">
		SELECT * from personalMemo where id = #{memoId}
	</select>
	
	<insert id="addBoardMember">
		INSERT into boardMember(pboardid, boardMember) values(#{pboardid}, #{boardMember})
	</insert>
	
	<delete id="deleteBoardMember">
		delete from boardMember where pboardid = #{pboardid} and boardMember = #{boardMember}
	</delete>
	
</mapper>